filestem,has_opt,has_subopt,opt_frame_count,sweepwise_opt_frame_count,subopt_frame_count,sweepwise_subopt_frame_count,opt_seq,subopt_seq,foreground_voxel_ratio,opt_voxel_ratio,subopt_voxel_ratio,
02d3a9bc-63e2-4deb-9dc1-dba17e7d54c1,False,True,0,"{}",5,"{1: 5}","[]","[(62, 66)]",0.001,0.000,0.156,
046ed03e-4b35-4519-bb5f-cd4b0474a060,True,True,14,"{1: 14}",5,"{1: 5}","[(55, 68)]","[(69, 73)]",0.001,0.149,0.149,
0428da3d-fef4-4c9b-96f2-5ffedaee82d0,True,True,9,"{1: 9}",6,"{1: 6}","[(60, 68)]","[(69, 74)]",0.001,0.157,0.150,
05f72776-bf41-40ea-bdea-a7bcfa1eb9ba,False,True,0,"{}",8,"{3: 8}","[]","[(357, 364)]",0.002,0.000,0.197,
02ee26a5-a665-4531-bec1-8bac83345a94,False,True,0,"{}",9,"{1: 9}","[]","[(50, 58)]",0.001,0.000,0.114,
0199616b-bdeb-4119-97a3-a5a3571bd641,False,True,0,"{}",19,"{1: 11, 5: 8}","[]","[(60, 70), (619, 626)]",0.005,0.000,0.213,
056764b4-7c0c-4452-832d-3d1cbb5a0464,True,True,16,"{1: 10, 3: 6}",12,"{1: 1, 2: 5, 3: 6}","[(45, 54), (344, 349)]","[(55, 55), (182, 186), (338, 343)]",0.002,0.141,0.133,
04a04f2e-840b-47f8-a907-abe7aeab3f41,False,True,0,"{}",33,"{1: 23, 2: 10}","[]","[(39, 61), (204, 213)]",0.005,0.000,0.143,
032b9024-3685-4a81-a62e-813d2da3d387,True,True,17,"{4: 17}",22,"{1: 6, 2: 9, 4: 7}","[(494, 510)]","[(17, 22), (172, 180), (487, 493)]",0.003,0.110,0.112,
04ef1176-7d54-4942-899d-f0fa69ad34bb,True,True,32,"{1: 10, 2: 16, 4: 6}",10,"{1: 1, 2: 1, 4: 7}","[(28, 37), (186, 201), (516, 521)]","[(27, 27), (38, 38), (202, 202), (509, 515)]",0.001,0.087,0.085,
0685cfaf-d585-40b3-a365-52f70f2536b6,False,True,0,"{}",3,"{2: 3}","[]","[(218, 220)]",0.000,0.000,0.105,
0607eff0-2268-46b6-8fb8-16e40a521a42,True,True,3,"{2: 3}",14,"{1: 8, 2: 6}","[(176, 178)]","[(46, 53), (179, 184)]",0.002,0.156,0.125,
0e2631b6-ed14-4ce4-bc17-896590c406fd,False,True,0,"{}",44,"{1: 26, 2: 18}","[]","[(45, 70), (220, 237)]",0.009,0.000,0.165,
09ddeecb-72e0-417a-85fd-77d397f6219d,True,True,21,"{2: 6, 5: 15}",26,"{1: 4, 2: 3, 4: 15, 5: 4}","[(206, 211), (610, 624)]","[(50, 53), (212, 214), (510, 524), (639, 642)]",0.003,0.099,0.091,
0658cdf9-53bc-46a9-ae86-cc99a6fc5e77,True,True,14,"{1: 14}",14,"{5: 14}","[(62, 75)]","[(617, 630)]",0.003,0.171,0.184,
0d7c4d8f-6e07-4f2b-aa76-8915ce15a38f,False,True,0,"{}",17,"{1: 4, 3: 13}","[]","[(29, 32), (302, 314)]",0.002,0.000,0.112,
0f32e98f-8257-4649-a8a2-3cccb2c1a2e5,True,True,5,"{1: 5}",18,"{3: 18}","[(19, 23)]","[(289, 306)]",0.002,0.112,0.099,
0d0a3298-a9c6-43c3-a9e3-df3a9c0afa06,True,True,5,"{1: 5}",30,"{3: 3, 4: 11, 5: 16}","[(45, 49)]","[(309, 311), (469, 479), (603, 618)]",0.002,0.084,0.066,
069c0349-1e8d-42d0-afa1-69c7114a742f,True,True,10,"{1: 10}",28,"{2: 16, 3: 10, 6: 2}","[(56, 65)]","[(176, 191), (319, 328), (801, 802)]",0.004,0.111,0.119,
071ee12c-a8a5-45fd-b191-fd5ec3b00766,True,True,2,"{1: 2}",34,"{2: 10, 4: 9, 5: 15}","[(53, 54)]","[(201, 210), (502, 510), (641, 655)]",0.004,0.103,0.099,
1613944c-ea48-4953-84e9-953b9d86f175,False,True,0,"{}",6,"{1: 6}","[]","[(46, 51)]",0.002,0.000,0.221,
17b31515-75fb-41fc-8908-7c0264d21204,True,True,8,"{1: 8}",26,"{1: 10, 3: 16}","[(54, 61)]","[(44, 53), (325, 340)]",0.007,0.209,0.221,
136db39d-90e4-4702-aee7-dc5cd3169268,False,True,0,"{}",23,"{1: 23}","[]","[(58, 80)]",0.004,0.000,0.150,
12941223-b27c-47f5-bcb0-7f7bfba18bba,False,True,0,"{}",9,"{1: 9}","[]","[(50, 58)]",0.002,0.000,0.143,
1af7894a-9f0a-41e8-9c10-a11c0341a93e,True,True,11,"{1: 11}",32,"{2: 15, 3: 17}","[(50, 60)]","[(193, 207), (321, 337)]",0.005,0.125,0.118,
1269a6c4-7f04-4927-9308-e4fd68883906,True,True,11,"{3: 11}",18,"{1: 10, 2: 8}","[(305, 315)]","[(30, 39), (163, 170)]",0.002,0.094,0.092,
1a998ef3-797f-4a17-9aa6-96cfb9af87c9,True,True,8,"{1: 8}",36,"{1: 4, 2: 18, 3: 14}","[(42, 49)]","[(38, 41), (153, 170), (292, 305)]",0.006,0.158,0.148,
177786dd-a8f4-4d57-ac1b-13811480bd09,False,True,0,"{}",29,"{1: 13, 2: 9, 3: 7}","[]","[(22, 34), (157, 165), (304, 310)]",0.004,0.000,0.114,
1b250c39-7217-4921-838b-ed2681ebfef2,True,False,6,"{2: 6}",0,"{}","[(188, 193)]","[]",0.000,0.078,0.000,
19202c0a-fade-4c7a-9878-e91d823963d6,True,True,9,"{1: 9}",15,"{1: 4, 3: 11}","[(39, 47)]","[(48, 51), (333, 343)]",0.001,0.098,0.086,
1b3db504-c1fe-45f0-96dc-3cfb851d5bca,True,False,5,"{1: 5}",0,"{}","[(70, 74)]","[]",0.000,0.147,0.000,
1c1a1114-3e30-436b-b656-101e6050ea32,True,True,9,"{1: 9}",51,"{2: 20, 5: 31}","[(94, 102)]","[(192, 211), (658, 688)]",0.008,0.125,0.133,
1dc4fda1-c351-4f4f-8df8-9bb35eb46062,True,True,9,"{1: 9}",16,"{1: 3, 2: 10, 3: 3}","[(44, 52)]","[(41, 43), (193, 202), (336, 338)]",0.003,0.164,0.151,
1dab0e37-e5e4-41d4-b132-32103b385c78,False,True,0,"{}",31,"{1: 23, 5: 8}","[]","[(42, 64), (609, 616)]",0.007,0.000,0.193,
1e927a7e-90cd-475b-848d-6dc6368f42ca,True,False,12,"{2: 12}",0,"{}","[(182, 193)]","[]",0.000,0.078,0.000,
1d479820-767b-4d0f-b6cf-12ec5d3a26e7,True,True,4,"{1: 4}",11,"{1: 6}","[(57, 60)]","[(52, 56), (61, 66)]",0.001,0.112,0.109,
1dccf454-18df-4bfb-b7bf-92acbea3d8e1,True,True,9,"{4: 9}",13,"{1: 3, 4: 10}","[(475, 483)]","[(12, 14), (465, 474)]",0.001,0.059,0.067,
1d25be5c-d4ba-48bf-afd4-a133581f8491,False,True,0,"{}",7,"{1: 7}","[]","[(74, 80)]",0.002,0.000,0.181,
1cd004a2-94fb-429a-9e14-fc950bbd8852,True,False,21,"{1: 10, 2: 11}",0,"{}","[(52, 61), (213, 223)]","[]",0.000,0.117,0.000,
1f002210-be79-4c02-b948-7c27c5fd2f1e,False,True,0,"{}",2,"{1: 2}","[]","[(43, 44)]",0.000,0.000,0.196,
1ff3221d-43d3-4065-9393-347f2d0edac0,True,True,3,"{1: 3}",2,"{1: 2}","[(118, 120)]","[(121, 122)]",0.000,0.161,0.162,
20a2b2a1-c91e-4ee0-93b6-c0d8fe2212db,True,True,4,"{1: 4}",5,"{2: 1, 3: 2, 6: 2}","[(54, 57)]","[(190, 190), (323, 324), (814, 815)]",0.001,0.126,0.114,
229525cd-637a-4560-ad44-45b6f04a5d1f,True,True,32,"{2: 11, 4: 21}",14,"{1: 7, 3: 7}","[(144, 154), (460, 480)]","[(13, 19), (283, 289)]",0.002,0.080,0.101,
21883c54-c2ac-4bc3-b557-aa6d41d51087,True,True,6,"{1: 6}",36,"{1: 3, 2: 19, 4: 9}","[(43, 48)]","[(38, 42), (49, 51), (170, 188), (497, 505)]",0.003,0.069,0.064,
21e6dac4-7606-4abb-9284-d5d9bd0d2b6e,True,False,6,"{1: 6}",0,"{}","[(67, 72)]","[]",0.000,0.058,0.000,
245dbf25-055e-4dba-8dfb-18cb27b4a880,True,True,6,"{1: 6}",3,"{1: 3}","[(73, 78)]","[(79, 81)]",0.000,0.102,0.095,
23d90415-7355-4677-83aa-a214f6b17c03,False,True,0,"{}",18,"{1: 18}","[]","[(54, 71)]",0.002,0.000,0.091,
21127c13-cd7f-456b-ad07-71531d1cb054,True,True,20,"{1: 4, 2: 16}",26,"{1: 3, 2: 8, 3: 15}","[(50, 53), (148, 163)]","[(47, 49), (140, 147), (299, 313)]",0.002,0.054,0.052,
21ef25cf-842d-4adf-be9a-d07e2e259855,True,True,18,"{1: 18}",16,"{2: 5, 3: 11}","[(57, 74)]","[(184, 188), (334, 344)]",0.001,0.088,0.068,
246c5909-ac94-47b1-b343-cb358939e359,False,True,0,"{}",22,"{1: 12, 2: 10}","[]","[(38, 49), (191, 200)]",0.005,0.000,0.192,
28c99f94-69b1-4e19-95de-2fc228c419cf,True,True,6,"{2: 6}",12,"{1: 7, 2: 5}","[(196, 201)]","[(44, 50), (202, 206)]",0.001,0.073,0.069,
2594b3cd-e3c2-482d-879b-642f9cdb339d,True,True,8,"{1: 8}",12,"{1: 3}","[(53, 60)]","[(44, 52), (61, 63)]",0.002,0.191,0.181,
2a2817fe-e4d8-4fe6-a530-7456c3648c01,True,True,11,"{1: 11}",14,"{1: 3, 2: 11}","[(50, 60)]","[(61, 63), (206, 216)]",0.003,0.121,0.145,
2697b349-9abe-4ec3-bb42-96ea329418eb,True,True,19,"{3: 19}",26,"{2: 26}","[(325, 343)]","[(178, 203)]",0.002,0.084,0.071,
2c979adb-f7ee-4775-86d8-66ca4169884a,True,True,14,"{1: 14}",6,"{3: 6}","[(12, 25)]","[(291, 296)]",0.001,0.138,0.096,
2c9934e1-ec1a-49ea-b24f-ff62de1965d1,True,True,18,"{3: 18}",11,"{1: 11}","[(316, 333)]","[(37, 47)]",0.001,0.094,0.105,
2cf6450c-a57e-41a8-8918-74218df6e9bf,True,False,19,"{1: 19}",0,"{}","[(88, 106)]","[]",0.000,0.128,0.000,
2b832993-22e9-4393-a9fe-9296864495ea,True,True,17,"{1: 17}",20,"{1: 4, 2: 16}","[(30, 46)]","[(26, 29), (164, 179)]",0.004,0.211,0.171,
2cf8bcb5-3570-474b-a7bc-d86d9c037e08,False,True,0,"{}",20,"{2: 12, 4: 8}","[]","[(164, 175), (472, 479)]",0.001,0.000,0.064,
2b1767d0-ce44-4093-8713-9b9ca2823ec7,False,True,0,"{}",12,"{1: 12}","[]","[(32, 43)]",0.002,0.000,0.173,
2dccc77d-0963-4199-8501-04925b3de876,True,True,15,"{4: 15}",13,"{4: 8}","[(450, 464)]","[(445, 449), (465, 472)]",0.001,0.079,0.073,
2de0ce54-f9ef-49ec-b4b8-59f304656111,True,True,11,"{2: 11}",10,"{1: 10}","[(178, 188)]","[(44, 53)]",0.002,0.180,0.172,
2e99ee0e-506a-443b-8c16-e8a0619da2f7,True,True,6,"{1: 6}",3,"{1: 3}","[(115, 120)]","[(121, 123)]",0.001,0.190,0.169,
2fe70922-1d3a-4ce7-b8ad-55a0c07efe74,True,True,9,"{3: 9}",5,"{1: 5}","[(327, 335)]","[(47, 51)]",0.000,0.083,0.066,
300602fc-058e-456b-b872-8e9573428309,False,True,0,"{}",6,"{2: 6}","[]","[(223, 228)]",0.001,0.000,0.138,
30d9ee24-7603-46c5-9d05-7d8a6d6a292e,True,True,12,"{1: 4, 3: 8}",18,"{1: 2, 3: 16}","[(56, 59), (309, 316)]","[(60, 61), (317, 332)]",0.002,0.081,0.080,
30555893-2ac6-45c9-b404-8ca2d9f90b05,False,True,0,"{}",7,"{2: 7}","[]","[(155, 161)]",0.001,0.000,0.133,
339c3f53-eaa7-4660-a2bb-b9e1726cd079,True,False,10,"{2: 10}",0,"{}","[(192, 201)]","[]",0.000,0.100,0.000,
33397b96-5fad-441e-9b64-ff3bd5d0b2f9,True,True,10,"{5: 10}",12,"{1: 9, 3: 3}","[(608, 617)]","[(56, 64), (357, 359)]",0.001,0.120,0.080,
3479bfa3-6c07-462b-ab3d-409026598f0f,True,False,4,"{1: 4}",0,"{}","[(39, 42)]","[]",0.000,0.297,0.000,
3825d340-86df-41a7-b415-8c880818ca8e,False,True,0,"{}",16,"{1: 16}","[]","[(58, 73)]",0.002,0.000,0.125,
36bcc878-7cf1-494c-a67d-7520145cdde2,True,True,8,"{1: 8}",12,"{1: 4}","[(45, 52)]","[(37, 44), (53, 56)]",0.002,0.177,0.162,
36d10668-e159-4c9d-811e-b066f4872bda,True,True,4,"{1: 4}",9,"{1: 1, 3: 3}","[(61, 64)]","[(56, 60), (65, 65), (349, 351)]",0.001,0.120,0.107,
379f256a-879c-4e1d-9b30-a0e9ee51e098,False,True,0,"{}",10,"{1: 10}","[]","[(50, 59)]",0.002,0.000,0.131,
3bd64075-6e7e-463d-86e1-19071f04327c,True,False,5,"{1: 5}",0,"{}","[(67, 71)]","[]",0.000,0.096,0.000,
356d0021-3560-421a-96f4-ecffd4eb6005,False,True,0,"{}",11,"{1: 11}","[]","[(39, 49)]",0.001,0.000,0.071,
3d221d3e-749e-4b06-ac7a-762c3fc4c88a,False,True,0,"{}",4,"{2: 4}","[]","[(185, 188)]",0.001,0.000,0.177,
3b3218ac-3616-4aaf-b0ae-b7287803a298,True,True,15,"{2: 15}",27,"{1: 1, 3: 19, 4: 7}","[(162, 176)]","[(35, 35), (280, 298), (481, 487)]",0.003,0.115,0.114,
3d24bef2-3cfa-439f-b74f-6ae1e404ab06,False,True,0,"{}",9,"{2: 9}","[]","[(166, 174)]",0.001,0.000,0.109,
3d902e8c-626f-46b6-8942-243b3270d929,True,True,6,"{1: 6}",4,"{1: 4}","[(44, 49)]","[(50, 53)]",0.000,0.078,0.073,
3d9ebba3-0eff-4e57-8641-7099ba774574,True,True,13,"{1: 5, 3: 8}",31,"{1: 11, 2: 15, 3: 5}","[(22, 26), (298, 305)]","[(27, 37), (153, 167), (293, 297)]",0.003,0.085,0.088,
43ccd4c5-0644-402c-8220-d1c04cfc34ec,False,True,0,"{}",25,"{1: 11, 3: 14}","[]","[(71, 81), (343, 356)]",0.005,0.000,0.158,
3e42e61f-a6ec-47ae-bbb7-e84b47170a5f,True,True,5,"{1: 5}",26,"{2: 6, 5: 20}","[(37, 41)]","[(167, 172), (576, 595)]",0.006,0.186,0.212,
3daf4e87-136f-4644-9ec7-35d4de3650c9,False,True,0,"{}",12,"{1: 12}","[]","[(47, 58)]",0.003,0.000,0.183,
42950f64-500a-46a8-9957-ea690a8292a4,True,True,9,"{2: 9}",4,"{2: 4}","[(179, 187)]","[(175, 178)]",0.001,0.127,0.138,
43f564f8-6772-4341-9083-128fd6eed4c9,False,True,0,"{}",6,"{2: 6}","[]","[(159, 164)]",0.000,0.000,0.059,
4454a0d6-325b-442b-b07a-54f26b52c0b2,True,False,15,"{4: 15}",0,"{}","[(460, 474)]","[]",0.000,0.081,0.000,
40d97ff5-0d2f-4d9c-a6bc-8d07713a86c2,True,True,20,"{3: 20}",30,"{1: 15, 3: 5, 5: 10}","[(340, 359)]","[(61, 75), (360, 364), (570, 579)]",0.007,0.218,0.193,
44b70504-4e9e-4e02-b13f-6c33808dd7f9,True,True,14,"{1: 14}",4,"{2: 4}","[(44, 57)]","[(218, 221)]",0.001,0.123,0.106,
4670a2b3-cad0-4d23-afaa-e823438f6944,True,True,9,"{2: 6, 4: 3}",61,"{2: 10, 4: 12, 5: 31}","[(186, 191), (524, 526)]","[(192, 201), (516, 523), (527, 538), (618, 648)]",0.008,0.112,0.101,
47540baa-7ab8-425a-9e77-8005cb1c02f4,False,True,0,"{}",22,"{6: 22}","[]","[(749, 770)]",0.006,0.000,0.236,
489efa27-f374-4d48-a251-dd2e4d1b09aa,False,True,0,"{}",7,"{1: 7}","[]","[(93, 99)]",0.002,0.000,0.287,
4908826a-f3f0-4357-8c8e-8b3d8e6d48c4,False,True,0,"{}",19,"{1: 8, 3: 11}","[]","[(59, 66), (369, 379)]",0.003,0.000,0.140,
484c03b0-441d-4966-b10e-06b31d84e55e,False,True,0,"{}",2,"{1: 2}","[]","[(74, 75)]",0.000,0.000,0.165,
477c0589-f74a-4ecf-8b22-a27776fcbffe,False,True,0,"{}",14,"{1: 8, 3: 6}","[]","[(59, 66), (339, 344)]",0.003,0.000,0.196,
4acfbc25-cf86-49c1-bb77-689f40db4d34,True,False,36,"{1: 11, 2: 14, 4: 11}",0,"{}","[(39, 49), (161, 174), (490, 500)]","[]",0.000,0.117,0.000,
4adc2ad8-f29d-41e3-9bf6-cc935057ff71,False,True,0,"{}",16,"{1: 16}","[]","[(49, 64)]",0.003,0.000,0.155,
4abd109b-71ff-4403-95a9-9a7d3592bf5f,False,True,0,"{}",14,"{1: 14}","[]","[(47, 60)]",0.002,0.000,0.109,
4bf11a9a-cb81-4dd4-91d4-5f6a59deb47d,False,True,0,"{}",28,"{1: 28}","[]","[(3, 30)]",0.003,0.000,0.082,
4b6b2a4e-8ad8-4f29-ad47-dad67dfccb6c,True,True,34,"{1: 16, 3: 18}",8,"{2: 2, 3: 6}","[(78, 93), (352, 369)]","[(234, 235), (346, 351)]",0.002,0.183,0.182,
4d1f4689-55ad-4b3d-bc3f-c43e66e0b92d,False,True,0,"{}",21,"{1: 6, 2: 15}","[]","[(57, 62), (199, 213)]",0.004,0.000,0.162,
4eebb2cd-df34-4bbb-871d-f37ed26a0204,True,False,4,"{3: 4}",0,"{}","[(296, 299)]","[]",0.000,0.079,0.000,
502bfdba-4bb0-4c68-bd25-a7d2d7b1124e,True,True,7,"{1: 7}",29,"{1: 5, 2: 13, 3: 11}","[(52, 58)]","[(59, 63), (173, 185), (322, 332)]",0.004,0.103,0.105,
4d4db621-e017-4c4b-a23d-62ddfa40a5d8,True,True,11,"{4: 11}",22,"{4: 22}","[(520, 530)]","[(498, 519)]",0.003,0.117,0.112,
4fc1cf8c-52cf-444d-a1fb-6b85c47694b2,True,False,7,"{1: 7}",0,"{}","[(76, 82)]","[]",0.000,0.154,0.000,
50fb5627-fea3-4126-8082-a88aa5590b51,False,True,0,"{}",17,"{2: 11, 3: 6}","[]","[(200, 210), (342, 347)]",0.004,0.000,0.201,
53056b82-e84c-404a-8d3d-29c1d24d94c8,False,True,0,"{}",10,"{2: 6, 4: 4}","[]","[(183, 188), (526, 529)]",0.002,0.000,0.167,
5320a755-d8e5-403d-9769-6d9fe9b598df,True,True,10,"{1: 10}",6,"{1: 2}","[(57, 66)]","[(53, 56), (67, 68)]",0.001,0.105,0.101,
54305199-c82c-4b90-b4a1-2b166ef7bab5,True,True,20,"{1: 20}",6,"{1: 6}","[(61, 80)]","[(81, 86)]",0.001,0.175,0.165,
537243c9-0bbe-4295-aea0-4c29316e1efb,True,True,11,"{1: 11}",24,"{1: 1, 2: 6, 3: 11}","[(46, 56)]","[(40, 45), (57, 57), (185, 190), (327, 337)]",0.004,0.126,0.128,
5568cf99-11f7-4641-abd5-9579405c0eb3,False,True,0,"{}",3,"{2: 3}","[]","[(201, 203)]",0.000,0.000,0.133,
540607e9-2186-4213-9290-b6bbd655c846,True,True,15,"{1: 15}",11,"{1: 5, 2: 6}","[(32, 46)]","[(47, 51), (199, 204)]",0.002,0.165,0.161,
55eff0af-e8a1-4afa-965d-fff5a69e7399,False,True,0,"{}",17,"{1: 17}","[]","[(51, 67)]",0.003,0.000,0.131,
58e919b6-12d7-4c32-86b4-adca239e7a85,False,True,0,"{}",9,"{2: 9}","[]","[(176, 184)]",0.001,0.000,0.083,
585178ca-483e-45fa-9c89-2dbd51ebb69e,True,True,8,"{1: 8}",12,"{1: 6, 2: 6}","[(79, 86)]","[(87, 92), (208, 213)]",0.003,0.191,0.186,
5bdd3202-3eac-417c-856b-c642ee0aabdf,True,True,14,"{1: 11, 2: 3}",21,"{1: 11, 2: 5, 3: 5}","[(58, 68), (197, 199)]","[(69, 79), (200, 204), (324, 328)]",0.004,0.166,0.174,
5be4a966-5b05-473a-8118-9557c95dea4d,True,True,10,"{1: 10}",23,"{1: 7, 2: 16}","[(51, 60)]","[(61, 67), (196, 211)]",0.004,0.205,0.163,
5c46829f-7584-4ff9-9e76-7f72eb8ae78f,True,True,35,"{1: 13, 2: 4, 3: 18}",9,"{2: 3, 3: 6}","[(55, 67), (189, 192), (337, 354)]","[(186, 188), (331, 336)]",0.001,0.116,0.118,
5d0e2f3c-f494-48a7-942b-2c5942982aaf,True,True,6,"{1: 6}",9,"{5: 9}","[(63, 68)]","[(634, 642)]",0.001,0.149,0.110,
5e4e59bc-8445-47e5-80f3-bf6256ee6ce3,True,True,4,"{1: 4}",22,"{1: 5, 2: 11}","[(49, 52)]","[(43, 48), (53, 57), (184, 194)]",0.003,0.137,0.130,
5d8f1a4a-dc8a-402a-b8ac-64773efbd299,True,True,4,"{1: 4}",9,"{1: 4, 2: 5}","[(72, 75)]","[(68, 71), (202, 206)]",0.003,0.225,0.248,
5f3d6529-2de6-472b-88b6-7b9dfbf225a9,True,True,8,"{1: 8}",16,"{1: 3, 3: 13}","[(60, 67)]","[(57, 59), (349, 361)]",0.005,0.260,0.236,
5f901dfd-0f6c-46a4-9670-b519fb6041c8,False,True,0,"{}",16,"{2: 16}","[]","[(203, 218)]",0.002,0.000,0.099,
622104f3-3bcb-47ba-be01-2f8fa2cd6aa8,True,True,10,"{1: 10}",25,"{1: 1, 2: 11, 3: 13}","[(23, 32)]","[(22, 22), (165, 175), (304, 316)]",0.003,0.111,0.115,
600e0d45-94fc-495d-9936-dbbc93d41686,False,True,0,"{}",7,"{1: 7}","[]","[(71, 77)]",0.001,0.000,0.147,
607623df-dcd8-46c0-8379-b19979761584,False,True,0,"{}",9,"{6: 9}","[]","[(756, 764)]",0.002,0.000,0.182,
676c09f1-a666-4deb-877a-3ee06026523c,True,True,14,"{2: 14}",27,"{2: 3, 4: 24}","[(170, 183)]","[(184, 186), (508, 531)]",0.002,0.074,0.063,
6468fdf3-f005-4cfe-a400-679b3b246a49,True,False,12,"{1: 12}",0,"{}","[(62, 73)]","[]",0.000,0.182,0.000,
63d1d72d-e6fc-46d9-912f-f3bd914f774d,False,True,0,"{}",37,"{1: 14, 3: 23}","[]","[(22, 35), (280, 302)]",0.003,0.000,0.063,
650d7789-6c25-47d5-9d8a-5294ace2f8ac,True,True,7,"{2: 7}",21,"{1: 17, 2: 4}","[(222, 228)]","[(69, 85), (229, 232)]",0.001,0.060,0.052,
6379f8dd-b528-4a52-99ce-5d574936bc02,True,True,6,"{1: 6}",3,"{1: 3}","[(44, 49)]","[(50, 52)]",0.000,0.075,0.081,
67d1dc32-1791-4595-937a-c51d4372c15c,False,True,0,"{}",32,"{1: 18, 2: 14}","[]","[(20, 37), (161, 174)]",0.005,0.000,0.121,
69bca9da-204a-4d93-bacc-12919b720018,True,True,16,"{1: 16}",11,"{1: 1, 3: 5}","[(68, 83)]","[(63, 67), (84, 84), (352, 356)]",0.002,0.133,0.139,
685ebd4e-483d-4b2f-8e35-d05de68d0cd6,True,False,11,"{1: 11}",0,"{}","[(32, 42)]","[]",0.000,0.186,0.000,
691a31e0-2910-49e3-8a1c-4b624cae3469,False,True,0,"{}",28,"{1: 10, 2: 18}","[]","[(40, 49), (175, 192)]",0.005,0.000,0.160,
6902b8ff-aa25-4dc7-892e-6ba6dabb3b0e,False,True,0,"{}",10,"{1: 10}","[]","[(37, 46)]",0.001,0.000,0.061,
6c1a6959-d923-49fc-856e-8af6ff0f43e3,False,True,0,"{}",18,"{1: 6, 3: 12}","[]","[(83, 88), (315, 326)]",0.003,0.000,0.161,
6a235c9a-8844-46e8-8cde-cddb36960dc5,True,True,5,"{1: 5}",2,"{1: 2}","[(71, 75)]","[(76, 77)]",0.000,0.133,0.129,
6d3158f9-6328-4975-8d8f-c2aaf84182ec,True,True,24,"{1: 18, 2: 6}",6,"{1: 6}","[(92, 109), (224, 229)]","[(86, 91)]",0.001,0.138,0.129,
6ef0b571-c9e2-4ec4-855e-bfbae65daa08,True,True,4,"{1: 4}",2,"{1: 2}","[(20, 23)]","[(18, 19)]",0.000,0.096,0.084,
6f1930d7-49ca-4752-9d50-d26f7799dacc,False,True,0,"{}",27,"{1: 10, 2: 17}","[]","[(56, 65), (180, 196)]",0.006,0.000,0.186,
6f3af20f-895c-4209-88a1-81b4ec0dcca6,True,True,5,"{1: 5}",11,"{1: 1, 2: 4, 3: 6}","[(40, 44)]","[(39, 39), (221, 224), (322, 327)]",0.002,0.193,0.175,
6fcb175f-52e4-4f3e-9956-f693b28f56e6,False,True,0,"{}",36,"{1: 21, 5: 15}","[]","[(0, 20), (587, 601)]",0.008,0.000,0.177,
7112c87c-fd2b-488e-bad7-f447f6b49caa,True,True,12,"{3: 12}",27,"{1: 27}","[(354, 365)]","[(43, 69)]",0.004,0.167,0.119,
70121050-3950-4eb1-ba24-efe37e9878e9,True,True,22,"{2: 22}",33,"{1: 17, 2: 16}","[(219, 240)]","[(63, 79), (203, 218)]",0.008,0.194,0.185,
716640b1-bf3c-4cf5-8e2f-1e81152b6323,True,True,13,"{3: 13}",22,"{1: 5, 2: 8, 5: 9}","[(334, 346)]","[(31, 35), (176, 183), (587, 595)]",0.003,0.124,0.104,
71a82fd5-e8f8-4338-bfcb-e45cdf54d885,True,True,26,"{1: 10, 2: 16}",4,"{3: 4}","[(37, 46), (164, 179)]","[(314, 317)]",0.000,0.067,0.070,
740e57a6-d368-48d2-a3ec-fae51776757b,True,True,4,"{1: 4}",16,"{1: 5, 3: 11}","[(79, 82)]","[(74, 78), (350, 360)]",0.002,0.079,0.080,
72ffb0d0-13ce-456a-bb77-e34ad244f1b2,False,True,0,"{}",22,"{1: 16, 2: 6}","[]","[(42, 57), (158, 163)]",0.002,0.000,0.078,
74ddc9b8-9449-4cfa-8648-2131ecf9fd4a,True,True,7,"{1: 7}",5,"{1: 5}","[(115, 121)]","[(122, 126)]",0.001,0.154,0.123,
738785d4-987a-415e-97b2-efd9c5618c67,True,False,7,"{1: 7}",0,"{}","[(32, 38)]","[]",0.000,0.062,0.000,
7603739a-a716-4785-bca1-db034fdfdb54,True,True,39,"{1: 5, 5: 18, 6: 16}",37,"{1: 10, 5: 2, 6: 16}","[(71, 75), (631, 648), (737, 752)]","[(70, 70), (76, 85), (629, 630), (729, 736), (753, 768)]",0.006,0.148,0.143,
762a51e8-d1b6-4b8e-b1e4-8080b83392d5,True,True,8,"{1: 8}",27,"{1: 4, 2: 10, 4: 7}","[(35, 42)]","[(29, 34), (43, 46), (160, 169), (535, 541)]",0.002,0.068,0.067,
775c0509-c874-4eca-8426-055db54f457e,True,False,7,"{1: 7}",0,"{}","[(56, 62)]","[]",0.000,0.073,0.000,
77b1166e-01d9-4b54-8793-288df6241e77,True,True,15,"{2: 8, 3: 7}",15,"{2: 6, 3: 5}","[(186, 193), (350, 356)]","[(182, 185), (194, 199), (345, 349)]",0.003,0.161,0.182,
776b10a9-baa8-4c61-b096-bf8755b062e9,False,True,0,"{}",11,"{1: 11}","[]","[(71, 81)]",0.002,0.000,0.156,
7b06f498-6552-4d51-bf8a-11bb23b70a92,False,True,0,"{}",17,"{5: 17}","[]","[(646, 662)]",0.002,0.000,0.108,
793bcf72-bcac-4d42-a726-66316996a6c5,True,True,8,"{1: 8}",4,"{1: 4}","[(13, 20)]","[(9, 12)]",0.001,0.150,0.143,
7b76359b-5d35-4b2b-868f-0988cce51784,True,True,48,"{1: 11, 2: 25, 3: 12}",25,"{1: 12, 2: 1, 3: 9}","[(49, 59), (175, 199), (306, 317)]","[(60, 71), (172, 174), (200, 200), (318, 326)]",0.002,0.087,0.082,
7c7841fd-050e-4c32-8312-acad5968c6d7,True,True,4,"{1: 4}",14,"{1: 6, 3: 8}","[(31, 34)]","[(25, 30), (334, 341)]",0.003,0.170,0.152,
7ce39b64-ca3f-4668-84b8-20ece5f4cc65,True,True,11,"{1: 11}",55,"{1: 6, 2: 14, 3: 8, 5: 27}","[(57, 67)]","[(68, 73), (199, 212), (334, 341), (597, 623)]",0.011,0.202,0.165,
7c98b80e-5a64-4973-9c2e-db2ee4b14736,True,True,11,"{1: 11}",16,"{1: 1, 5: 15}","[(45, 55)]","[(56, 56), (602, 616)]",0.001,0.062,0.061,
7d44ea4e-9079-4a4f-bd0e-2e27ff70e9ea,False,True,0,"{}",20,"{1: 20}","[]","[(43, 62)]",0.004,0.000,0.173,
7f689365-1782-4e41-b357-951d68cd3eee,True,True,4,"{1: 4}",6,"{1: 3}","[(40, 43)]","[(37, 39), (44, 46)]",0.001,0.162,0.161,
7f9d11c1-349b-4304-a672-4ed3f532d2f0,True,True,7,"{1: 3, 2: 4}",9,"{1: 1, 2: 4}","[(28, 30), (162, 165)]","[(24, 27), (31, 31), (158, 161)]",0.002,0.145,0.134,
7ee50b1f-a484-4ee1-8990-178a3b227369,True,True,4,"{5: 4}",27,"{2: 21, 5: 2}","[(592, 595)]","[(161, 181), (588, 591), (596, 597)]",0.005,0.163,0.160,
80bf8d64-ce5a-4c73-90b8-fe3261635be0,True,True,5,"{1: 5}",10,"{1: 10}","[(54, 58)]","[(44, 53)]",0.002,0.153,0.130,
84cf6a52-fe8a-4cce-bcae-717f500c11c0,True,True,16,"{2: 16}",11,"{1: 6, 2: 5}","[(215, 230)]","[(45, 50), (210, 214)]",0.002,0.132,0.126,
833c09d1-7257-45fc-9d41-76060614481f,True,False,6,"{1: 6}",0,"{}","[(42, 47)]","[]",0.000,0.061,0.000,
82fe659c-d3cd-4f0b-a171-a3947209662b,False,True,0,"{}",3,"{5: 3}","[]","[(652, 654)]",0.000,0.000,0.136,
81c96ebf-d425-4756-9919-1845ef0d88a5,True,True,3,"{2: 3}",16,"{2: 5, 3: 8}","[(167, 169)]","[(164, 166), (170, 174), (312, 319)]",0.002,0.102,0.097,
856cbf9c-8eb7-459c-b9e7-641459b393b0,False,True,0,"{}",5,"{2: 5}","[]","[(181, 185)]",0.001,0.000,0.154,
80fc531d-7187-4164-8798-b40ea16a2d2c,False,True,0,"{}",15,"{5: 15}","[]","[(604, 618)]",0.001,0.000,0.057,
85a90b54-9536-45ac-ac62-ced5f1a6f72d,True,True,21,"{1: 21}",7,"{1: 7}","[(43, 63)]","[(64, 70)]",0.001,0.101,0.101,
88224d16-3e42-4f10-9883-dbe1efeb6ae6,True,True,10,"{1: 10}",9,"{3: 9}","[(60, 69)]","[(314, 322)]",0.001,0.066,0.060,
883501fc-2fcd-4fb4-b693-4d76df8a2ba4,True,True,25,"{4: 25}",24,"{4: 15}","[(450, 474)]","[(441, 449), (475, 489)]",0.005,0.154,0.161,
89c3a8c0-1efe-4a7e-b921-c12f052cb2c0,True,True,3,"{5: 3}",5,"{5: 5}","[(635, 637)]","[(630, 634)]",0.000,0.071,0.070,
8b80d5f7-3623-455a-8f37-7b92e6929bbb,False,True,0,"{}",12,"{2: 12}","[]","[(190, 201)]",0.002,0.000,0.152,
8ba63007-395c-4f8b-b5a0-a5f17596588a,True,True,9,"{1: 9}",14,"{1: 4, 4: 10}","[(25, 33)]","[(21, 24), (455, 464)]",0.002,0.153,0.146,
8ec339fb-b01a-4034-9e39-feef178be78d,True,True,3,"{1: 3}",2,"{1: 2}","[(61, 63)]","[(59, 60)]",0.000,0.132,0.126,
8ce68989-8856-4c3f-8988-4c9680b9a246,False,True,0,"{}",7,"{1: 7}","[]","[(19, 25)]",0.001,0.000,0.103,
8f50de4c-c82f-4210-8ba0-8edfe07fa017,False,True,0,"{}",32,"{1: 28, 2: 4}","[]","[(56, 83), (218, 221)]",0.004,0.000,0.130,
9062cf40-611e-4768-af8f-a6943d773afe,True,True,4,"{2: 4}",9,"{1: 5, 2: 4}","[(191, 194)]","[(38, 42), (195, 198)]",0.001,0.123,0.133,
90056737-5c36-4880-b11a-3b8d4bd84867,False,True,0,"{}",38,"{4: 25, 5: 13}","[]","[(472, 496), (599, 611)]",0.003,0.000,0.067,
8daf5ef8-4a77-47dd-b1d8-d45caf83b64a,True,True,8,"{1: 8}",10,"{1: 10}","[(67, 74)]","[(57, 66)]",0.001,0.103,0.104,
924c5f09-2a22-4286-b478-c3e466f59425,True,True,5,"{1: 5}",13,"{1: 1, 2: 9}","[(49, 53)]","[(46, 48), (54, 54), (187, 195)]",0.002,0.118,0.109,
9323ce9c-6523-428e-93a9-894f2203f1f0,True,True,8,"{1: 8}",42,"{1: 5, 3: 12, 5: 6, 6: 16}","[(57, 64)]","[(54, 56), (65, 69), (345, 356), (614, 619), (713, 728)]",0.007,0.140,0.136,
93454ca6-86b9-4c7c-ae26-88c440bb056a,True,True,6,"{1: 6}",2,"{1: 2}","[(65, 70)]","[(71, 72)]",0.000,0.138,0.135,
938dda7a-321d-4ccc-ae3c-9276fe8a0e53,True,True,14,"{1: 9, 2: 5}",7,"{1: 1, 2: 3}","[(61, 69), (215, 219)]","[(58, 60), (70, 70), (220, 222)]",0.001,0.165,0.153,
95da2e16-5b4f-49cf-8c0f-86e3b7dff568,False,True,0,"{}",16,"{1: 10, 5: 6}","[]","[(79, 88), (608, 613)]",0.003,0.000,0.141,
94e39208-2b04-4a1e-8f16-a830fc0fbaf1,False,True,0,"{}",16,"{1: 16}","[]","[(43, 58)]",0.004,0.000,0.223,
97cac2e6-4c2b-4a39-a602-0b01fa3ebc4c,False,True,0,"{}",3,"{2: 3}","[]","[(174, 176)]",0.001,0.000,0.178,
97bec430-f17c-47bc-a138-a9bd69f3875a,True,True,8,"{1: 8}",7,"{1: 7}","[(54, 61)]","[(62, 68)]",0.001,0.161,0.156,
97363a66-8aec-4b52-8797-514e8c98205b,True,True,17,"{1: 11, 2: 6}",47,"{1: 16, 2: 11, 3: 14}","[(34, 44), (159, 164)]","[(31, 33), (45, 60), (156, 158), (165, 175), (284, 297)]",0.003,0.074,0.064,
970b5275-ac9c-4844-abf5-d291becaf186,False,True,0,"{}",31,"{1: 20, 3: 11}","[]","[(60, 79), (344, 354)]",0.008,0.000,0.203,
98b74af5-0f1c-4e9d-ad98-3161c3c51bf0,False,True,0,"{}",13,"{5: 13}","[]","[(616, 628)]",0.003,0.000,0.182,
9963dd36-4aaf-4342-bd8d-b67be6c5abf3,True,True,11,"{1: 11}",8,"{1: 4}","[(28, 38)]","[(24, 27), (39, 42)]",0.001,0.138,0.127,
9add3d46-c8a2-4e4c-9f2a-98004647e8d5,True,True,11,"{2: 11}",23,"{2: 3, 4: 20}","[(157, 167)]","[(168, 170), (445, 464)]",0.005,0.186,0.187,
9d80d91b-0514-4c2b-82ba-d1525f63fb1b,False,True,0,"{}",10,"{1: 10}","[]","[(42, 51)]",0.001,0.000,0.080,
9b42608f-5e7a-421f-881c-fa48ae65e146,True,True,3,"{3: 3}",14,"{1: 8, 2: 1, 3: 4}","[(282, 284)]","[(5, 12), (140, 140), (281, 281), (285, 288)]",0.001,0.065,0.065,
9c013b59-e6a0-49d9-9053-d359301acc9d,False,True,0,"{}",20,"{1: 11, 2: 9}","[]","[(69, 79), (196, 204)]",0.005,0.000,0.200,
9b7bab9e-b094-44f1-98dd-bf314bbbd7b4,True,True,29,"{1: 3, 6: 26}",26,"{1: 4, 2: 1, 3: 6, 6: 7}","[(94, 96), (761, 786)]","[(90, 93), (232, 232), (365, 370), (753, 760), (787, 793)]",0.005,0.158,0.163,
9cefbd53-b566-4757-90b2-cd36f487b1a3,True,True,4,"{1: 4}",10,"{1: 5, 3: 5}","[(66, 69)]","[(61, 65), (341, 345)]",0.001,0.114,0.110,
9badcfbd-937a-4614-bbce-2b74f176b805,True,True,22,"{1: 15, 5: 7}",27,"{2: 16, 5: 11}","[(47, 61), (630, 636)]","[(185, 200), (619, 629)]",0.002,0.112,0.082,
9ebb18b6-1f89-4f39-b380-3324d061d642,False,True,0,"{}",11,"{1: 11}","[]","[(85, 95)]",0.003,0.000,0.192,
9d8768bf-02f0-4617-8997-f518983870ba,True,False,6,"{3: 6}",0,"{}","[(281, 286)]","[]",0.000,0.095,0.000,
a26af2dc-5455-44b5-8f30-ab4d25c3d518,True,True,7,"{1: 7}",10,"{1: 3, 3: 7}","[(52, 58)]","[(59, 61), (322, 328)]",0.001,0.069,0.063,
a2648805-a897-453b-a512-036c744843ec,True,True,4,"{2: 4}",6,"{1: 5, 2: 1}","[(220, 223)]","[(77, 81), (218, 218)]",0.001,0.068,0.060,
a33cbbc6-6053-4378-874c-9db6d14bfee0,True,False,11,"{4: 11}",0,"{}","[(493, 503)]","[]",0.000,0.121,0.000,
a5c63b85-28f2-430d-8e44-dfaeee4aaa8b,True,True,3,"{1: 3}",12,"{1: 12}","[(79, 81)]","[(82, 93)]",0.002,0.133,0.127,
a78a01b0-bb9b-4189-8eba-85a5f55d341f,False,True,0,"{}",10,"{1: 10}","[]","[(49, 58)]",0.001,0.000,0.091,
a42fef23-dd06-45ba-84f7-ab8d5b8216d8,False,True,0,"{}",18,"{2: 5, 5: 13}","[]","[(193, 197), (628, 640)]",0.005,0.000,0.200,
a6c627d3-3776-4bb9-8d61-2c8261bdf295,True,True,5,"{2: 5}",3,"{1: 2, 2: 1}","[(182, 186)]","[(35, 36), (181, 181)]",0.001,0.144,0.129,
aa609674-742e-4bd3-9b07-fb501abeba3b,True,True,9,"{1: 9}",27,"{1: 5, 2: 10, 3: 12}","[(51, 59)]","[(60, 64), (179, 188), (326, 337)]",0.002,0.054,0.058,
a94b5a1e-a67f-45b0-9a51-8a7a0ca4d112,True,True,13,"{1: 6, 2: 7}",52,"{2: 11, 4: 26, 5: 15}","[(34, 39), (174, 180)]","[(163, 173), (475, 500), (633, 647)]",0.004,0.081,0.068,
ab71c2e2-c1aa-49e1-aae2-f2aa649ff9a1,True,False,25,"{5: 25}",0,"{}","[(615, 639)]","[]",0.000,0.127,0.000,
acac6afb-e374-47a7-8954-d4ed87dd55df,False,True,0,"{}",11,"{1: 3, 2: 8}","[]","[(33, 35), (176, 183)]",0.001,0.000,0.092,
abb19883-26c3-46cd-96be-8c521827a2dd,True,True,7,"{1: 1, 2: 6}",11,"{1: 7, 2: 4}","[(59, 59), (187, 192)]","[(52, 58), (183, 186)]",0.003,0.198,0.190,
ad36de5e-42a1-4450-8364-bcef7234f9b6,True,True,5,"{1: 5}",10,"{1: 10}","[(65, 69)]","[(55, 64)]",0.001,0.092,0.088,
ae58606d-8adf-4552-b42e-c251f446485e,True,True,43,"{2: 11, 3: 16, 4: 16}",25,"{2: 3, 3: 1, 4: 6}","[(172, 182), (281, 296), (498, 513)]","[(166, 171), (183, 185), (297, 297), (489, 497), (514, 519)]",0.004,0.127,0.127,
acf89c93-b448-4d21-89c4-4b9d2b70b388,False,True,0,"{}",10,"{1: 6, 2: 4}","[]","[(44, 49), (188, 191)]",0.001,0.000,0.074,
ae6eed2f-58ca-47c2-a25d-c0d6ed80e178,False,True,0,"{}",20,"{2: 20}","[]","[(194, 213)]",0.002,0.000,0.099,
af8fa0cf-5f02-47f5-b8dd-d215b049f264,False,True,0,"{}",23,"{1: 23}","[]","[(0, 22)]",0.002,0.000,0.074,
b1745834-4159-4d8b-959f-018dd56c2936,False,True,0,"{}",16,"{1: 9, 5: 7}","[]","[(16, 24), (582, 588)]",0.002,0.000,0.084,
b0a1773a-c44c-443b-8309-9ccac79416af,True,True,29,"{1: 14, 2: 15}",9,"{1: 9}","[(76, 89), (188, 202)]","[(67, 75)]",0.002,0.204,0.193,
b3648eb1-83f3-45de-967b-040262574976,False,True,0,"{}",36,"{2: 20, 6: 16}","[]","[(197, 216), (783, 798)]",0.010,0.000,0.222,
b4482878-52b1-4339-bb97-fad3efe826aa,True,False,15,"{1: 6, 3: 9}",0,"{}","[(38, 43), (312, 320)]","[]",0.000,0.143,0.000,
b3ea614a-32df-4965-af25-020c27f0ef74,True,True,9,"{2: 9}",4,"{2: 4}","[(165, 173)]","[(174, 177)]",0.000,0.062,0.062,
b711f9d5-bf79-493f-91ab-e16b7b1cf649,True,True,4,"{1: 4}",9,"{1: 6}","[(50, 53)]","[(47, 49), (54, 59)]",0.002,0.157,0.151,
b48630a1-6dd5-4961-82f4-9eabb90f5db2,True,True,28,"{1: 6, 2: 10, 3: 12}",19,"{1: 14, 2: 3}","[(40, 45), (164, 173), (309, 320)]","[(30, 30), (46, 59), (163, 163), (174, 176)]",0.002,0.083,0.074,
b81b9346-db70-4eff-aa7b-e36539d5ec43,False,True,0,"{}",16,"{1: 10, 5: 6}","[]","[(42, 51), (606, 611)]",0.002,0.000,0.128,
b5bdfc3d-2b3d-4590-b77e-53d41ecc14de,True,True,7,"{2: 7}",14,"{1: 14}","[(198, 204)]","[(38, 51)]",0.001,0.094,0.072,
b9b6d571-6bc3-4cc3-9ecc-97b4b1a58682,True,True,10,"{1: 5, 2: 5}",23,"{2: 3, 3: 7, 5: 13}","[(34, 38), (183, 187)]","[(188, 190), (336, 342), (600, 612)]",0.002,0.080,0.082,
ba6acb2e-8a8f-4a21-a986-ee1c2a1d41fc,True,False,6,"{1: 6}",0,"{}","[(55, 60)]","[]",0.000,0.086,0.000,
b9ef9a65-ab93-4714-a9e0-6df70ac8c285,False,True,0,"{}",14,"{1: 14}","[]","[(24, 37)]",0.001,0.000,0.080,
ba245b67-f202-44d7-bab4-a07e214d7f81,True,True,6,"{1: 6}",24,"{1: 6, 2: 8, 6: 10}","[(62, 67)]","[(68, 73), (199, 206), (801, 810)]",0.004,0.120,0.128,
bd55bc61-5335-41af-920b-f66206c47502,False,True,0,"{}",6,"{3: 6}","[]","[(298, 303)]",0.000,0.000,0.066,
bdd91da7-1f8e-4777-8142-e12c572e0945,True,False,9,"{1: 9}",0,"{}","[(63, 71)]","[]",0.000,0.148,0.000,
baca1605-d47a-4ce9-bdfe-dc532e3c9a72,False,True,0,"{}",15,"{1: 15}","[]","[(52, 66)]",0.001,0.000,0.067,
c0319132-d83e-4e3a-ad50-4b281f2dcebc,True,True,7,"{1: 7}",21,"{1: 7, 3: 14}","[(22, 28)]","[(29, 35), (307, 320)]",0.002,0.073,0.069,
c04b58fd-bb95-4e4f-ab23-f8fea59b24bf,True,True,15,"{5: 15}",10,"{1: 10}","[(627, 641)]","[(67, 76)]",0.002,0.170,0.187,
bfd442e7-9299-4890-ad3d-c9d5b6534cbc,False,True,0,"{}",11,"{5: 11}","[]","[(638, 648)]",0.002,0.000,0.158,
c13a9a64-6ca0-4d17-b49e-40ee01a45c3e,True,False,17,"{1: 17}",0,"{}","[(0, 16)]","[]",0.000,0.102,0.000,
c4ea83c8-62a9-40d4-bff3-52fe8cd60339,False,True,0,"{}",16,"{5: 16}","[]","[(627, 642)]",0.002,0.000,0.087,
c2527ba6-5e4b-4efc-ab99-ecc4f833af86,True,True,13,"{1: 13}",6,"{2: 6}","[(40, 52)]","[(195, 200)]",0.001,0.138,0.106,
ca3db03c-02f8-4648-a0d0-5cf5cae8dbbf,True,True,4,"{1: 4}",6,"{1: 1, 3: 4}","[(35, 38)]","[(34, 34), (39, 39), (360, 363)]",0.001,0.123,0.116,
c9a235e5-f070-4b9f-afb9-149067423cd5,False,True,0,"{}",19,"{1: 6, 3: 8, 6: 5}","[]","[(47, 52), (313, 320), (706, 710)]",0.001,0.000,0.064,
cdedbdd3-d8b7-4384-ae4b-cb4eda575447,False,True,0,"{}",2,"{6: 2}","[]","[(794, 795)]",0.000,0.000,0.106,
ce717c57-f72b-4759-8e26-12bd20464124,True,True,5,"{1: 5}",24,"{1: 3, 2: 7, 5: 7}","[(52, 56)]","[(45, 51), (57, 59), (192, 198), (628, 634)]",0.003,0.131,0.121,
cde42d64-d8ac-4d8e-966f-12be944535d0,False,True,0,"{}",9,"{1: 9}","[]","[(33, 41)]",0.001,0.000,0.071,
d0da2318-e4de-4cb5-a575-cc5fd64449fa,True,True,21,"{3: 6, 6: 15}",11,"{3: 1, 6: 4}","[(324, 329), (734, 748)]","[(318, 323), (330, 330), (730, 733)]",0.003,0.196,0.192,
ced55401-e5ba-4da3-b24f-57b711f604bf,True,True,9,"{1: 3, 3: 6}",15,"{1: 2, 3: 5}","[(46, 48), (322, 327)]","[(45, 45), (49, 50), (315, 321), (328, 332)]",0.003,0.173,0.162,
cf4c491d-62cf-4393-a4f1-db38e328d86e,False,True,0,"{}",19,"{1: 3, 2: 6, 5: 10}","[]","[(48, 50), (168, 173), (587, 596)]",0.001,0.000,0.063,
d234b2ec-e6e7-4336-93cd-288314639995,True,True,6,"{1: 6}",20,"{1: 14, 2: 6}","[(57, 62)]","[(63, 76), (222, 227)]",0.004,0.182,0.169,
d15a282b-25ca-40ab-915c-215335a0d3cf,False,True,0,"{}",8,"{1: 8}","[]","[(18, 25)]",0.001,0.000,0.133,
d42fb920-5df1-4341-93df-480c17355e44,False,True,0,"{}",8,"{6: 8}","[]","[(799, 806)]",0.001,0.000,0.130,
d571d4e1-ff80-44b9-a481-07961c6a1208,True,True,16,"{3: 16}",20,"{1: 13, 5: 7}","[(330, 345)]","[(43, 55), (601, 607)]",0.002,0.088,0.089,
d5471cfd-6090-4d42-9a95-67ccbfbf612e,True,True,4,"{1: 4}",10,"{1: 3, 2: 7}","[(45, 48)]","[(42, 44), (176, 182)]",0.001,0.106,0.089,
d5f8c859-de93-4a50-b324-1ae4ad0267d4,False,True,0,"{}",32,"{1: 12, 2: 10, 3: 10}","[]","[(64, 75), (202, 211), (322, 331)]",0.005,0.000,0.120,
d5c3cfee-53ac-4021-8c1b-098c189f630e,True,True,6,"{2: 6}",34,"{1: 6, 2: 6, 4: 8, 5: 14}","[(170, 175)]","[(20, 25), (164, 169), (482, 489), (616, 629)]",0.004,0.113,0.106,
d624338f-d09b-4bda-bbc3-3fa417015d6b,True,True,6,"{1: 6}",29,"{1: 6, 3: 13}","[(74, 79)]","[(64, 73), (80, 85), (336, 348)]",0.007,0.206,0.191,
d812091a-3635-4d51-9290-6adb3aa8681e,False,True,0,"{}",11,"{1: 6, 2: 5}","[]","[(34, 39), (179, 183)]",0.001,0.000,0.061,
d77b6ece-da17-4f88-818c-0c7340b3e54f,True,True,7,"{1: 7}",26,"{1: 3, 2: 6, 3: 17}","[(56, 62)]","[(53, 55), (217, 222), (338, 354)]",0.004,0.190,0.151,
dc0cbbdf-e4bb-4de5-958a-10576129e440,True,True,9,"{1: 9}",7,"{1: 3}","[(46, 54)]","[(42, 45), (55, 57)]",0.002,0.199,0.188,
d8c3665a-4dc3-40ce-b716-f30aab365332,False,True,0,"{}",7,"{5: 7}","[]","[(591, 597)]",0.001,0.000,0.079,
db9d468d-cb20-4d5e-b059-31728f5950e6,True,False,25,"{1: 13, 3: 12}",0,"{}","[(40, 52), (331, 342)]","[]",0.000,0.199,0.000,
dc381d50-124d-4bc8-b504-9c9c3a3ae697,True,True,14,"{2: 14}",23,"{1: 16, 3: 7}","[(173, 186)]","[(43, 58), (314, 320)]",0.003,0.181,0.120,
de45de1a-2482-4024-ac8b-c18c4834b379,True,False,11,"{1: 11}",0,"{}","[(46, 56)]","[]",0.000,0.059,0.000,
dcdcb9a4-fec7-45a2-b2b7-a282f963c551,False,True,0,"{}",10,"{1: 10}","[]","[(54, 63)]",0.001,0.000,0.096,
de35b365-6308-4974-b2fc-976e26584810,False,True,0,"{}",4,"{5: 4}","[]","[(650, 653)]",0.001,0.000,0.121,
de93dac8-41e0-4b03-946e-0accda6010af,False,True,0,"{}",31,"{1: 23, 2: 8}","[]","[(31, 53), (195, 202)]",0.009,0.000,0.260,
decd2d84-79a2-4239-b802-5afdf318e7e6,False,True,0,"{}",32,"{1: 5, 2: 8, 5: 19}","[]","[(43, 47), (172, 179), (624, 642)]",0.003,0.000,0.090,
de964751-ec9d-4c53-9da3-9d7f200987b1,True,True,4,"{1: 4}",9,"{1: 9}","[(37, 40)]","[(28, 36)]",0.001,0.098,0.089,
e3670fa9-574c-4fbc-89af-f69aad63696d,True,True,5,"{1: 1, 3: 3}",13,"{1: 4, 3: 3}","[(46, 46), (53, 53), (317, 319)]","[(45, 45), (49, 52), (312, 316), (320, 322)]",0.003,0.157,0.176,
e5053a72-46f6-496d-8252-c8b531b5039b,True,True,3,"{5: 3}",4,"{1: 4}","[(603, 605)]","[(43, 46)]",0.001,0.183,0.163,
e5a2d914-a35c-4207-9bc8-5e5cee7dbfba,False,True,0,"{}",25,"{2: 7, 3: 6, 4: 12}","[]","[(158, 164), (285, 290), (470, 481)]",0.002,0.000,0.064,
e608e364-6898-442c-be0f-aea8d7735c15,False,True,0,"{}",10,"{1: 10}","[]","[(48, 57)]",0.002,0.000,0.137,
e9043ff5-f8a4-4095-bc44-26232e1be011,False,True,0,"{}",9,"{1: 6, 2: 3}","[]","[(13, 18), (140, 142)]",0.001,0.000,0.075,
e9025780-a9bb-4300-be4e-fb220e824646,True,True,17,"{1: 8, 2: 9}",7,"{1: 1, 2: 4}","[(72, 79), (202, 210)]","[(70, 71), (80, 80), (198, 201)]",0.002,0.233,0.213,
ea724ff0-9990-4557-ab53-16f2fe1f1c8f,False,True,0,"{}",17,"{1: 7, 2: 10}","[]","[(51, 57), (180, 189)]",0.003,0.000,0.123,
ea2a8fbf-f7fe-43f4-9e0d-1da0ae9b1a0c,True,True,6,"{1: 6}",21,"{2: 13, 3: 8}","[(30, 35)]","[(150, 162), (308, 315)]",0.003,0.118,0.111,
ebadcfcb-a682-4493-8502-2adc194bba8c,True,True,14,"{2: 14}",20,"{2: 8, 4: 12}","[(148, 161)]","[(140, 147), (464, 475)]",0.003,0.107,0.106,
ea86047a-bae4-464b-a2ed-015935bebb2a,True,True,23,"{1: 23}",31,"{2: 10, 3: 6, 5: 15}","[(50, 72)]","[(188, 197), (323, 328), (592, 606)]",0.005,0.149,0.130,
ec65aa35-d54c-44da-80a4-883f631c345e,False,True,0,"{}",2,"{1: 2}","[]","[(32, 33)]",0.000,0.000,0.054,
ee2e6220-b2f3-4c8e-9c85-f04ed0a6b6f7,False,True,0,"{}",32,"{3: 7, 4: 25}","[]","[(296, 302), (481, 505)]",0.003,0.000,0.088,
eee8da44-8db7-4c9e-b52d-b6d461158a4e,False,True,0,"{}",32,"{5: 32}","[]","[(606, 637)]",0.004,0.000,0.115,
f1fcabfc-f998-44c7-8420-c7a5ae5aaab7,False,False,0,"{}",0,"{}","[]","[]",0.000,0.000,0.000,
f256d725-9b06-4a88-a6b5-f9eee0f050f4,False,True,0,"{}",23,"{1: 9, 2: 14}","[]","[(41, 49), (180, 193)]",0.003,0.000,0.111,
f4488c3c-556e-43bd-95f9-ae4cbb7c7093,False,True,0,"{}",5,"{4: 5}","[]","[(510, 514)]",0.001,0.000,0.101,
f8039e25-4652-440c-9476-b425f3fccb22,True,True,12,"{1: 12}",21,"{1: 5, 3: 16}","[(52, 63)]","[(64, 68), (340, 355)]",0.004,0.148,0.148,
f5a702f0-d759-4b53-8215-462e8145e638,True,True,5,"{1: 5}",17,"{2: 7, 3: 10}","[(30, 34)]","[(164, 170), (301, 310)]",0.001,0.049,0.047,
f5e853b1-9465-40b0-a246-7d3f6cb94de7,True,True,16,"{1: 5, 4: 11}",25,"{1: 4, 2: 13, 4: 6}","[(4, 8), (476, 486)]","[(9, 10), (44, 47), (157, 169), (470, 475)]",0.002,0.083,0.075,
f4bebd1e-d3ca-4186-902a-2b6ef9391060,True,True,4,"{1: 4}",22,"{1: 9, 3: 13}","[(38, 41)]","[(42, 50), (291, 303)]",0.002,0.070,0.063,
f9ba7ffd-bc66-4da6-b97d-1286d760a184,True,True,11,"{1: 5, 3: 6}",13,"{3: 13}","[(55, 59), (337, 342)]","[(324, 336)]",0.004,0.201,0.235,
fc167d1b-045a-4057-936d-4862644af1f3,True,True,17,"{1: 17}",34,"{2: 12, 3: 22}","[(80, 96)]","[(182, 193), (355, 376)]",0.003,0.081,0.086,
f5e97e20-ad47-46e4-bf35-3f0c01ff51d0,False,True,0,"{}",11,"{1: 11}","[]","[(81, 91)]",0.002,0.000,0.158,
f5611c30-d04b-4691-9bd6-1e6de392a63c,False,True,0,"{}",13,"{1: 10, 2: 3}","[]","[(65, 74), (219, 221)]",0.002,0.000,0.125,
fc63df40-f6ca-4917-99ba-dbe4310a6d04,False,True,0,"{}",17,"{5: 17}","[]","[(605, 621)]",0.004,0.000,0.208,
fdfd752d-2d83-4452-a3ba-97a626676334,True,True,5,"{1: 5}",14,"{1: 1, 2: 6, 3: 7}","[(32, 36)]","[(31, 31), (224, 229), (342, 348)]",0.002,0.119,0.113,
fe236600-a41c-4d26-b4ea-6d3ff109cf41,False,True,0,"{}",10,"{3: 10}","[]","[(282, 291)]",0.001,0.000,0.117,
